<?xml version="1.0" encoding="UTF-8"?>
<feature
      id="org.codehaus.xfire.eclipse"
      label="%feature.name"
      version="1.0.2.xfire126"
      provider-name="%provider.name">

   <description url="%descriptionURL">
      %description
   </description>

   <copyright>
      %copyright
   </copyright>

   <license url="http://svn.codehaus.org/xfire/trunk/xfire/LICENSE.txt">
      Copyright (c) 2005 Envoi Solutions LLC

Permission is hereby granted, free of charge, to any person 
obtaining a copy of this software and associated documentation
files (the &quot;Software&quot;), to deal in the Software without 
restriction, including without limitation the rights to use, 
copy, modify, merge, publish, distribute, sublicense, and/or 
sell copies of the Software, and to permit persons to whom the 
Software is furnished to do so, subject to the following 
conditions:

The above copyright notice and this permission notice shall be 
included in all copies or substantial portions of the Software.

THE SOFTWARE IS PROVIDED &quot;AS IS&quot;, WITHOUT WARRANTY OF ANY KIND, 
EXPRESS OR IMPLIED, INCLUDING BUT NOT LIMITED TO THE WARRANTIES 
OF MERCHANTABILITY, FITNESS FOR A PARTICULAR PURPOSE AND 
NONINFRINGEMENT. IN NO EVENT SHALL THE AUTHORS OR COPYRIGHT 
HOLDERS BE LIABLE FOR ANY CLAIM, DAMAGES OR OTHER LIABILITY, 
WHETHER IN AN ACTION OF CONTRACT, TORT OR OTHERWISE, ARISING 
FROM, OUT OF OR IN CONNECTION WITH THE SOFTWARE OR THE USE OR 
OTHER DEALINGS IN THE SOFTWARE.
   </license>

   <url>
      <update label="%update.description" url="http://dist.xfire.codehaus.org/update"/>
      <discovery label="%update.description" url="http://dist.codehaus.org/xfire/update/"/>
   </url>

   <requires>
      <import plugin="org.eclipse.core.runtime" version="3.2" match="greaterOrEqual"/>
      <import plugin="org.eclipse.core.resources"/>
      <import plugin="org.eclipse.jdt.core"/>
      <import plugin="org.eclipse.update.core"/>
      <import plugin="org.eclipse.ui"/>
      <import plugin="org.eclipse.jdt.ui"/>
      <import plugin="org.eclipse.ui.ide"/>
   </requires>

   <plugin
         id="org.codehaus.xfire.eclipse.core"
         download-size="0"
         install-size="0"
         version="1.0.2.xfire126"
         unpack="false"/>

   <plugin
         id="org.codehaus.xfire.eclipse.ui"
         download-size="0"
         install-size="0"
         version="1.0.2.xfire126"
         unpack="false"/>

   <plugin
         id="org.codehaus.xfire.eclipse.ui.wizards"
         download-size="0"
         install-size="0"
         version="1.0.2.xfire126"
         unpack="false"/>

</feature>
